	factor	influence_score	target_score	G_score	direct_targets	factor_fc	padj	Mono_KG2KC_KG	TotalSpec	Newinfluence
1	Id3	1	35.6614177188361	1.49519985243074	2196	1.49519985243074	0	1	1	1
2	Nr1h3	0.994791666666667	33.9239068077972	1.66768586550716	2724	1.66768586550716	0	1	1	0.997395833333333
3	Smad7	0.989583333333333	59.2189443631672	0.248191077457345	5582	0.248191077457345	0	1	1	0.994791666666667
4	Mafb	0.984375	29.7647002700618	1.55556815027682	3006	1.55556815027682	0	1	1	0.9921875
5	Tcf7l2	0.979166666666667	28.0069951461781	1.21087773146202	1056	1.21087773146202	0	1	1	0.989583333333333
6	Tcf4	0.973958333333333	45.029990650667	0.244420555485688	4505	0.244420555485688	2.07960286099784e-160	1	1	0.986979166666667
7	Rreb1	0.96875	54.4939968355687	0.202108188330091	5838	0.202108188330091	1.57809339832788e-198	1	1	0.984375
8	Irf7	0.963541666666667	24.7309278076462	0.47792287711779	783	0.47792287711779	0	1	1	0.981770833333333
9	Fubp1	0.958333333333333	47.1465575761586	0.194176371698038	4865	0.194176371698038	9.32857543707185e-137	1	1	0.979166666666667
10	Etv5	0.953125	30.987149781656	0.241700637183735	2337	0.241700637183735	0	1	1	0.9765625
11	Nr3c1	0.947916666666667	26.8334735110921	0.265983958421213	1020	0.265983958421213	3.68104214500986e-202	1	1	0.973958333333333
12	Irf2bp2	0.942708333333333	21.2802565226942	0.582339940552773	437	0.582339940552773	0	1	1	0.971354166666667
13	Ets1	0.9375	81.1772107109504	0.120098386146545	7735	0.120098386146545	1.24687684790135e-165	1	1	0.96875
14	Hif1a	0.932291666666667	73.3427997065202	0.11357398593304	9110	0.11357398593304	8.79469041912557e-48	1	1	0.966145833333333
15	Zfp281	0.927083333333333	23.4714183347834	0.217759276103857	908	0.217759276103857	5.44866283148205e-258	1	1	0.963541666666667
16	Zeb2	0.921875	24.9983214354202	0.202771544756308	1426	0.202771544756308	1.12872727080255e-114	1	1	0.9609375
17	Mafg	0.916666666666667	27.0382164288595	0.164194694198624	2488	0.164194694198624	9.18278070105008e-109	1	1	0.958333333333333
18	Stat1	0.911458333333333	20.2124397218206	0.334159197919096	541	0.334159197919096	1.52782103475823e-193	1	1	0.955729166666667
19	Zfp652	0.90625	39.0620520833824	0.114208447006569	3439	0.114208447006569	9.45376581789642e-90	1	1	0.953125
20	Smarcc2	0.901041666666667	28.3457980602116	0.136564748293775	2470	0.136564748293775	1.21456343916527e-100	1	1	0.950520833333333
21	Smad5	0.895833333333333	23.4981682529362	0.17290894492374	396	0.17290894492374	2.30651760621338e-214	1	1	0.947916666666667
22	Alb	0.890625	17.5423969061896	0.872402905311133	328	0.872402905311133	0	1	1	0.9453125
23	Nfat5	0.885416666666667	39.4079254528361	0.10831275012376	3847	0.10831275012376	1.29643177327502e-75	1	1	0.942708333333333
24	Bhlhe40	0.880208333333333	38.6904010761849	0.104513115493961	3356	0.104513115493961	5.70067847817277e-103	1	1	0.940104166666667
25	Gtf2i	0.875	50.5166505090484	0.0879092730089594	5320	0.0879092730089594	1.32068061177158e-98	1	1	0.9375
26	Scap	0.869791666666667	60.7436078037174	0.0808958032613788	6178	0.0808958032613788	9.10944236843068e-96	1	1	0.934895833333333
27	Id2	0.864583333333333	16.5901227743405	0.70411617275733	83	0.70411617275733	0	1	1	0.932291666666667
28	Mlxip	0.859375	53.2908978161992	0.0865231244347591	4504	0.0865231244347591	3.27382678190532e-63	1	1	0.9296875
29	Stat2	0.854166666666667	37.7567553042697	0.100520905705691	3458	0.100520905705691	2.48029640922667e-50	1	1	0.927083333333333
30	Ccnt2	0.848958333333333	22.5791916063063	0.149455660181594	1165	0.149455660181594	8.71476525139419e-79	1	1	0.924479166666667
31	Nr2f6	0.84375	20.5774865094413	0.165623194507981	665	0.165623194507981	8.01425005221975e-198	1	1	0.921875
32	Egr1	0.838541666666667	18.2856343955342	0.213443628038201	312	0.213443628038201	8.68204987537149e-128	1	1	0.919270833333333
33	Hivep1	0.833333333333333	31.0312721178118	0.101939222236587	2718	0.101939222236587	5.19944746498941e-88	1	1	0.916666666666667
34	Pten	0.828125	16.0435113982567	0.471100452143876	183	0.471100452143876	0	1	1	0.9140625
35	Hltf	0.822916666666667	33.8160013746939	0.0997737799660363	3084	0.0997737799660363	2.20475320853163e-59	1	1	0.911458333333333
36	Nr1d2	0.817708333333333	20.9075009486925	0.14265604268054	810	0.14265604268054	5.47288424414488e-218	1	1	0.908854166666667
37	Irf1	0.8125	16.6426735770355	0.31582079866448	277	0.31582079866448	2.02511384285057e-249	1	1	0.90625
38	Trim28	0.807291666666667	35.2211560637452	0.0846083841673406	3422	0.0846083841673406	1.21019586745178e-45	1	1	0.903645833333333
39	Tgif1	0.802083333333333	25.2405916538142	0.105132068874799	457	0.105132068874799	6.19914978470823e-61	1	1	0.901041666666667
40	Klf7	0.796875	15.2208171128415	0.412762889069396	170	0.412762889069396	0	1	1	0.8984375
41	Keap1	0.791666666666667	23.3707445540465	0.112636148103379	715	0.112636148103379	8.4974836335684e-66	1	1	0.895833333333333
42	Mitf	0.786458333333333	18.4420930638713	0.154499201534442	354	0.154499201534442	1.8543191757209e-197	1	1	0.893229166666667
43	E2f1	0.78125	57.1746506269279	0.0646196451468433	5639	0.0646196451468433	2.21268799855775e-51	1	1	0.890625
44	Tfec	0.776041666666667	14.9277625515117	0.349308933901196	99	0.349308933901196	0	1	1	0.888020833333333
45	Tcf3	0.770833333333333	20.6917914827681	0.120448079108581	725	0.120448079108581	2.47092836638944e-108	1	1	0.885416666666667
46	Zfp110	0.765625	38.1847148696781	0.0706328426520168	4006	0.0706328426520168	3.22224339623352e-68	1	1	0.8828125
47	Mga	0.760416666666667	19.6922084918749	0.129642427029763	982	0.129642427029763	1.17410955185712e-97	1	1	0.880208333333333
48	Nfia	0.755208333333333	16.0338147158101	0.239606056459951	186	0.239606056459951	0	1	1	0.877604166666667
49	Zbtb4	0.75	14.2837183474787	0.676392657183754	131	0.676392657183754	0	1	1	0.875
50	Sp1	0.744791666666667	25.4310302794305	0.0845712143026057	687	0.0845712143026057	3.08032977028411e-36	1	1	0.872395833333333
51	Zbtb18	0.739583333333333	46.7449039720401	0.0639251686452097	4822	0.0639251686452097	2.26003094755066e-41	1	1	0.869791666666667
52	Vtn	0.734375	18.4546925660541	0.131293764467826	461	0.131293764467826	4.40905901550512e-140	1	1	0.8671875
53	Polr2a	0.729166666666667	17.6486865786156	0.147678292031946	322	0.147678292031946	5.89951758766367e-73	1	1	0.864583333333333
54	Creb3l2	0.723958333333333	20.8239130275324	0.107158625633317	130	0.107158625633317	1.86177119300979e-125	1	1	0.861979166666667
55	Esrra	0.71875	23.4462073964134	0.0886247229333221	1011	0.0886247229333221	3.13178241797761e-62	1	1	0.859375
56	Tfe3	0.713541666666667	15.3931164290143	0.211290081668778	141	0.211290081668778	3.33720328943872e-172	1	1	0.856770833333333
57	Zfhx3	0.708333333333333	14.1568495410374	0.383041850383007	118	0.383041850383007	0	1	1	0.854166666666667
58	Jund	0.703125	15.2713094158467	0.208366859502043	134	0.208366859502043	7.59750427244142e-64	1	1	0.8515625
59	Ahctf1	0.463541666666667	20.3680153857726	0.0573095818021771	870	0.0573095818021771	1.36506756381341e-48	NA	0	0.5
60	Arhgef12	0.442708333333333	0.0361618400203152	0.341519153515438	10	0.341519153515438	0	NA	0	0.5
61	Arid2	0.25	13.9775912908742	0.0569310783548237	93	0.0569310783548237	9.18873989861629e-30	NA	0	0.5
62	Arid5b	0.307291666666667	17.7199254778901	0.040321201751729	342	0.040321201751729	1.65142274663183e-11	NA	0	0.5
63	Arnt	0.651041666666667	29.749716624536	0.0606779737987427	3167	0.0606779737987427	2.82213585444385e-31	NA	0	0.5
64	Atf2	0.135416666666667	12.4741463987643	0.0473692220063054	51	0.0473692220063054	5.27252178906795e-25	NA	0	0.5
65	Atf4	0.161458333333333	13.047017312322	0.0433174872964893	48	0.0433174872964893	0.000837709145083272	NA	0	0.5
66	Atf7	0.140625	12.3066045175266	0.0521224808256929	45	0.0521224808256929	1.45427174193468e-26	NA	0	0.5
67	Bbx	0.322916666666667	11.4623075259833	0.130582589872696	27	0.130582589872696	1.78954646413594e-100	NA	0	0.5
68	Bclaf1	0.661458333333333	18.1008666776805	0.11476354316768	186	0.11476354316768	2.8163700511519e-38	NA	0	0.5
69	Bdp1	0.0260416666666667	11.0803658053145	0.0249596236921314	15	0.0249596236921314	2.15567918500749e-07	NA	0	0.5
70	Bptf	0.510416666666667	24.085071010155	0.0459386792362598	1485	0.0459386792362598	2.31332878633933e-12	NA	0	0.5
71	Cbfb	0.208333333333333	0	0.0973096027857028	3	0.0973096027857028	6.0349557145832e-33	NA	0	0.5
72	Cbx3	0.119791666666667	0	0.0688484464324466	1	0.0688484464324466	3.98042524357139e-21	NA	0	0.5
73	Ccdc6	0.1875	11.1424702914368	0.0770571610868101	20	0.0770571610868101	1.64555425228729e-73	NA	0	0.5
74	Cebpg	0.484375	12.3107164415987	0.203046977229591	37	0.203046977229591	1.24618251191136e-99	NA	0	0.5
75	Cenpb	0.614583333333333	13.440427254556	0.245154983001993	89	0.245154983001993	2.00620653400577e-258	NA	0	0.5
76	Chd1	0.0572916666666667	11.6970586486149	0.036127721717159	35	0.036127721717159	9.79452029159415e-12	NA	0	0.5
77	Chd2	0.177083333333333	0	0.0775186405279713	1	0.0775186405279713	4.14336021251668e-47	NA	0	0.5
78	Clock	0.354166666666667	14.6597073157476	0.0723555240145725	123	0.0723555240145725	3.85965526627453e-44	NA	0	0.5
79	Creb1	0.270833333333333	12.0076530534292	0.0955225096231289	34	0.0955225096231289	1.93671473739384e-36	NA	0	0.5
80	Crebbp	0.182291666666667	14.3682843524674	0.0391353713678577	67	0.0391353713678577	2.0747727972541e-06	NA	0	0.5
81	Crebzf	0.125	11.7162888945657	0.0584755959252927	36	0.0584755959252927	6.50199143643658e-40	NA	0	0.5
82	Crtc2	0.427083333333333	19.9052137174934	0.0489567031837568	371	0.0489567031837568	2.8868907830292e-34	NA	0	0.5
83	Ctcf	0.145833333333333	14.6704419374488	0.0106044303720915	155	0.0106044303720915	0.0304897948409717	NA	0	0.5
84	E2f4	0.166666666666667	14.8800151986761	0.0114847737860251	95	0.0114847737860251	2.37969513980551e-05	NA	0	0.5
85	Elf1	0.213541666666667	17.2336935927679	0	206	0.0158522803805575	0.710688858524738	NA	0	0.5
86	Elf2	0.380208333333333	13.0596251904456	0.105145098430591	21	0.105145098430591	8.73860955182468e-57	NA	0	0.5
87	Elf4	0.46875	34.1591720509937	0.0233080629611593	2519	0.0233080629611593	0.00446073333256839	NA	0	0.5
88	Elk4	0.489583333333333	19.6876051078193	0.0639511324605786	137	0.0639511324605786	9.91980539362972e-32	NA	0	0.5
89	Ep300	0.536458333333333	14.4936856687763	0.127786136435084	72	0.127786136435084	2.62137739272586e-56	NA	0	0.5
90	Erf	0.114583333333333	0	0.0663168479856915	3	0.0663168479856915	1.95087029291293e-83	NA	0	0.5
91	Etv1	0.411458333333333	13.2265146784856	0.117050604145085	44	0.117050604145085	2.35305876989052e-205	NA	0	0.5
92	Ewsr1	0.583333333333333	17.0149574668223	0.106095922004097	340	0.106095922004097	2.24794677642468e-23	NA	0	0.5
93	Ezh1	0.6875	23.0445757611819	0.0877532449099755	1225	0.0877532449099755	4.44638228161803e-77	NA	0	0.5
94	Fli1	0.588541666666667	12.6043253644976	0.258079321633049	76	0.258079321633049	1.70251549956678e-195	NA	0	0.5
95	Fosb	0.625	13.5245906577891	0.248118506799207	77	0.248118506799207	2.22484846917562e-189	NA	0	0.5
96	Foxj2	0.28125	0	0.127424965774147	4	0.127424965774147	9.77689989557524e-107	NA	0	0.5
97	Foxj3	0.432291666666667	19.2633188245484	0.0549251800311182	658	0.0549251800311182	6.9071181831026e-40	NA	0	0.5
98	Foxn3	0.59375	15.4452543925054	0.125554522372055	174	0.125554522372055	1.90240571461513e-32	NA	0	0.5
99	Gabpa	0.395833333333333	18.1154475674151	0.0548908955594682	187	0.0548908955594682	7.44351479846208e-34	NA	0	0.5
100	Gtf3c2	0.21875	16.5122912081531	0.0202136650538479	235	0.0202136650538479	1.28151892589465e-06	NA	0	0.5
101	Gzf1	0.640625	23.607141467756	0.067743059606948	1310	0.067743059606948	1.88457132183254e-66	NA	0	0.5
102	Hbp1	0.494791666666667	17.1487769617604	0.0785955982930375	73	0.0785955982930375	4.02340167687757e-35	NA	0	0.5
103	Hdac2	0.34375	17.90469435834	0.0454650636041257	373	0.0454650636041257	8.70994922591494e-16	NA	0	0.5
104	Herpud1	0.526041666666667	18.7078247371556	0.0703725080730267	477	0.0703725080730267	1.86276160780941e-11	NA	0	0.5
105	Hic1	0.375	0.0361158720936458	0.180188437661963	7	0.180188437661963	0	NA	0	0.5
106	Hivep2	0.505208333333333	16.313212669103	0.0970449054803053	224	0.0970449054803053	1.23331671255197e-112	NA	0	0.5
107	Hmbox1	0.302083333333333	0	0.139016194028994	4	0.139016194028994	8.38122870734933e-128	NA	0	0.5
108	Id1	0.552083333333333	11.9924779977031	0.329195555149441	8	0.329195555149441	0	NA	0	0.5
109	Ikzf1	0.0729166666666667	11.4746367720437	0.043434388323175	33	0.043434388323175	0.00332513230411539	NA	0	0.5
110	Irf3	0.53125	64.607360873101	0.0073048842439396	5411	0.0073048842439396	0.00706330863878158	NA	0	0.5
111	Jdp2	0.369791666666667	11.6118814531385	0.142680236543505	23	0.142680236543505	5.24579979108812e-263	NA	0	0.5
112	Jun	0.296875	11.9498424572363	0.108702744188253	10	0.108702744188253	1.62624009983965e-16	NA	0	0.5
113	Klf3	0	0	0	2	0.0039820849690697	0.687660047528387	NA	0	0.5
114	Klf6	0.03125	12.0058737718015	0	43	0.0079865127531414	0.770329169684044	NA	0	0.5
115	Klf9	0.239583333333333	14.3936451019624	0.0479798179995672	37	0.0479798179995672	1.14024413214561e-36	NA	0	0.5
116	Maf	0.572916666666667	11.5029297536799	1.68608377089597	21	1.68608377089597	0	NA	0	0.5
117	Max	0.682291666666667	16.6261080060818	0.152778481463671	182	0.152778481463671	2.84446486871378e-73	NA	0	0.5
118	Maz	0.286458333333333	12.8821145225045	0.0760363861855577	25	0.0760363861855577	3.17719270214892e-38	NA	0	0.5
119	Mbd1	0.546875	22.7546722833455	0.0591489258034755	1220	0.0591489258034755	4.25663715621703e-36	NA	0	0.5
120	Mbd2	0.171875	13.9062849413088	0.0420249419013176	108	0.0420249419013176	1.00520462614833e-08	NA	0	0.5
121	Mbd3	0.619791666666667	14.8972722762808	0.157090644762025	127	0.157090644762025	8.57490795503054e-149	NA	0	0.5
122	Mdfic	0.0520833333333333	0.0185128658436144	0.044347929998592	5	0.044347929998592	5.35141264590004e-18	NA	0	0.5
123	Mdm2	0.348958333333333	15.7396504622654	0.0633847262827833	242	0.0633847262827833	2.2169430203889e-25	NA	0	0.5
124	Mdm4	0.4375	17.2298402569603	0.0724165458454993	445	0.0724165458454993	1.66633032378609e-31	NA	0	0.5
125	Mecp2	0.078125	12.3419930652922	0.0304724878560503	61	0.0304724878560503	2.44917732278467e-10	NA	0	0.5
126	Mef2a	0.645833333333333	12.5573557642422	0.484036039332488	27	0.484036039332488	0	NA	0	0.5
127	Mef2d	0.557291666666667	18.5493300684854	0.0761731735753775	250	0.0761731735753775	3.6077760190128e-29	NA	0	0.5
128	Mnt	0.276041666666667	17.3362027628601	0.0332475140958391	179	0.0332475140958391	3.46292966271445e-17	NA	0	0.5
129	Mtf1	0.15625	12.6526313573791	0.0455624747736979	66	0.0455624747736979	7.06063920207135e-29	NA	0	0.5
130	Mxi1	0.328125	13.7525114395253	0.0770044219536443	26	0.0770044219536443	1.96691264288053e-58	NA	0	0.5
131	Myc	0.697916666666667	17.2987508171111	0.137840574831796	333	0.137840574831796	5.43314596586972e-233	NA	0	0.5
132	Nab2	0.567708333333333	22.8259653541201	0.0620049942084039	1251	0.0620049942084039	1.33471979239963e-65	NA	0	0.5
133	Nelfe	0.453125	40.1656234596741	0.007292060584641	3922	0.007292060584641	0.00084217887445659	NA	0	0.5
134	Nf1	0.677083333333333	21.8112389624352	0.087300402034878	1110	0.087300402034878	1.16463688573101e-100	NA	0	0.5
135	Nfatc3	0.5625	19.103097420365	0.0750574854179046	736	0.0750574854179046	3.9539008217846e-42	NA	0	0.5
136	Nfe2l1	0.692708333333333	16.29581605746	0.176016945888026	174	0.176016945888026	1.10618480675988e-187	NA	0	0.5
137	Nfe2l2	0.3125	11.5326540781511	0.125310776702439	8	0.125310776702439	2.71158102864223e-35	NA	0	0.5
138	Nfkbia	0.598958333333333	19.8260144558875	0.0783714773538908	192	0.0783714773538908	7.72010138989297e-10	NA	0	0.5
139	Nfya	0.317708333333333	14.5701254989831	0.0657534202290017	78	0.0657534202290017	4.9852907292691e-41	NA	0	0.5
140	Nkap	0.0989583333333333	13.3208703697195	0.0218246592276717	23	0.0218246592276717	9.84736795054625e-11	NA	0	0.5
141	Nr1h2	0.473958333333333	37.055613389116	0.0122696597738134	3185	0.0122696597738134	0.00479626670883998	NA	0	0.5
142	Nr2c2ap	0.229166666666667	17.2345445338602	0.0073194455227206	191	0.0073194455227206	0.0119561198641987	NA	0	0.5
143	Nrbf2	0.364583333333333	20.65911540521	0.030987710333192	356	0.030987710333192	4.36199505720008e-09	NA	0	0.5
144	Pbx2	0.515625	14.5074707245851	0.121043305292501	139	0.121043305292501	9.27102853020197e-91	NA	0	0.5
145	Phf21a	0.390625	15.9345951791476	0.0691008069812014	197	0.0691008069812014	5.41121389017262e-28	NA	0	0.5
146	Pias1	0.609375	12.7178114756146	0.279254935976186	50	0.279254935976186	2.00000031341952e-252	NA	0	0.5
147	Pias2	0.65625	25.1231257607079	0.0671234570685709	1433	0.0671234570685709	1.31823275329698e-58	NA	0	0.5
148	Pknox1	0.0364583333333333	10.990110886747	0.033601618021385	11	0.033601618021385	2.24187227735599e-21	NA	0	0.5
149	Plagl2	0.046875	12.512910974626	0	59	0.0011594065644971	0.485970591537964	NA	0	0.5
150	Pura	0.40625	11.7479475260925	0.17931286411095	37	0.17931286411095	3.19158182317433e-132	NA	0	0.5
151	Rad21	0.604166666666667	13.9623191760151	0.202885255639183	134	0.202885255639183	1.34810421212683e-140	NA	0	0.5
152	Rela	0.520833333333333	36.6378688189101	0.0305496737546012	2488	0.0305496737546012	1.1447736266292e-05	NA	0	0.5
153	Rest	0.00520833333333333	0	0.0111258673219644	3	0.0111258673219644	0.00370347182881388	NA	0	0.5
154	Rfx7	0.541666666666667	23.1550090537685	0.0557340000648343	1638	0.0557340000648343	3.57555599128039e-37	NA	0	0.5
155	Rxra	0.666666666666667	12.6666722215469	0.782638471420013	18	0.782638471420013	0	NA	0	0.5
156	Rxrb	0.291666666666667	18.178344976774	0.0289486339249716	213	0.0289486339249716	3.16980336674955e-10	NA	0	0.5
157	Setdb1	0.479166666666667	13.6824008748122	0.133412255577994	99	0.133412255577994	6.08536629951505e-153	NA	0	0.5
158	Sin3a	0.359375	23.1809331729649	0.0106629661855676	1712	0.0106629661855676	0.00219120773572158	NA	0	0.5
159	Slc20a1	0.203125	12.6828047251251	0.0572772760947228	63	0.0572772760947228	1.50235857689351e-41	NA	0	0.5
160	Smad1	0.671875	13.9097886665864	0.317917301139234	27	0.317917301139234	0	NA	0	0.5
161	Smad2	0.151041666666667	13.4894993524282	0.0399023467019783	64	0.0399023467019783	7.94435072425977e-14	NA	0	0.5
162	Smarca5	0.265625	14.8444779398779	0.049670721038163	151	0.049670721038163	2.28661312334882e-12	NA	0	0.5
163	Smarcc1	0.333333333333333	11.9422443325471	0.118843255480962	30	0.118843255480962	3.30715776321553e-106	NA	0	0.5
164	Spic	0.447916666666667	0	0.454927780890953	5	0.454927780890953	0	NA	0	0.5
165	Srebf1	0.630208333333333	23.7597992977829	0.0670592105694825	705	0.0670592105694825	3.20551423381999e-49	NA	0	0.5
166	Srf	0.0833333333333333	11.9906329250463	0.0427696483100332	18	0.0427696483100332	1.90320270383313e-21	NA	0	0.5
167	Stat6	0.0416666666666667	12.4415442077864	0	56	0.0007138451505905	0.741969426674392	NA	0	0.5
168	Taf1	0.0677083333333333	11.8817177242119	0.0385462867137524	37	0.0385462867137524	1.78258942186051e-20	NA	0	0.5
169	Tcf12	0.5	17.7854611375248	0.0725794767879598	318	0.0725794767879598	5.04068102189985e-38	NA	0	0.5
170	Tcf20	0.421875	20.5659110972778	0.0468310857777782	700	0.0468310857777782	2.77674769804647e-15	NA	0	0.5
171	Tef	0.635416666666667	14.5986151011362	0.186267987849962	71	0.186267987849962	0	NA	0	0.5
172	Terf2	0.578125	23.4541552502149	0.0596592997677019	1281	0.0596592997677019	1.37424244296773e-55	NA	0	0.5
173	Thap3	0.015625	11.6810594821742	0	35	0.0028775727045785	0.0925201239205094	NA	0	0.5
174	Thrb	0.458333333333333	12.1228910583668	0.20766712186677	12	0.20766712186677	0	NA	0	0.5
175	Topors	0.104166666666667	12.1596441775619	0.0427937585980554	37	0.0427937585980554	1.59259425280266e-25	NA	0	0.5
176	Trp53	0.0208333333333333	0	0.0264827884810172	6	0.0264827884810172	2.79639095210784e-07	NA	0	0.5
177	Ubp1	0.09375	14.1902750243093	0	105	0.0127248364095941	0.185716614840647	NA	0	0.5
178	Vezf1	0.197916666666667	16.7439602096651	0	123	0.0031303433110496	0.394128697378235	NA	0	0.5
179	Xbp1	0.260416666666667	14.4621028404346	0.0536135738548225	113	0.0536135738548225	0.000373661096195316	NA	0	0.5
180	Ybx1	0.416666666666667	30.5361575022061	0.009130332285596	2762	0.009130332285596	6.06108790229404e-20	NA	0	0.5
181	Yy1	0.0104166666666667	0	0.0207781494383857	4	0.0207781494383857	0.00450767305398794	NA	0	0.5
182	Zbtb7a	0.109375	14.3053989397845	0	109	0.0206335104656215	0.251557070517365	NA	0	0.5
183	Zfp148	0.401041666666667	0	0.243629474488091	1	0.243629474488091	9.01844589429615e-238	NA	0	0.5
184	Zfp24	0.0885416666666667	11.3757911491353	0.0535438727719576	16	0.0535438727719576	1.1196059434433e-42	NA	0	0.5
185	Zfp260	0.0625	0	0.0477156969767082	1	0.0477156969767082	4.25738902163869e-36	NA	0	0.5
186	Zfp322a	0.234375	15.1015368988519	0.0426047422656328	159	0.0426047422656328	6.90506647812929e-27	NA	0	0.5
187	Zfp384	0.255208333333333	0	0.110766756475905	4	0.110766756475905	2.91607134257706e-130	NA	0	0.5
188	Zfp397	0.130208333333333	12.4982335093419	0.0460848795694299	39	0.0460848795694299	5.28621565226366e-36	NA	0	0.5
189	Zfp467	0.192708333333333	11.6924718136802	0.0725175266413326	11	0.0725175266413326	3.69754111716706e-37	NA	0	0.5
190	Zfp740	0.244791666666667	15.4054255219681	0.0410624463831856	111	0.0410624463831856	9.61185914463139e-15	NA	0	0.5
191	Zfx	0.223958333333333	0	0.103773223440044	2	0.103773223440044	2.35524984919519e-68	NA	0	0.5
192	Zkscan3	0.338541666666667	12.5196472655969	0.105962952895475	37	0.105962952895475	1.93973645303844e-74	NA	0	0.5
193	Zscan26	0.385416666666667	21.6861691679444	0.0310895260693716	884	0.0310895260693716	6.10925833467288e-12	NA	0	0.5
